height,weight,qge,gender,smokes,alcohol,exercise,ran,pulse1,pulse2,year
173,57,18,female,no,yes,moderate,sat,86,88,93
179,58,19,female,no,yes,moderate,ran,82,150,93
167,62,18,female,no,yes,high,ran,96,176,93
195,84,18,male,no,yes,high,sat,71,73,93
173,64,18,female,no,yes,low,sat,90,88,93
184,74,22,male,no,yes,low,ran,78,141,93
162,57,20,female,no,yes,moderate,sat,68,72,93
169,55,18,female,no,yes,moderate,sat,71,77,93
164,56,19,female,no,yes,high,sat,68,68,93
168,60,23,male,no,yes,moderate,ran,88,150,93
170,75,20,male,no,yes,high,ran,76,88,93
178,58,19,male,no,no,low,sat,74,76,93
170,68,22,male,yes,yes,moderate,sat,70,71,93
187,59,18,male,no,yes,high,sat,78,82,93
180,72,18,male,no,yes,moderate,sat,69,67,93
185,110,22,male,no,yes,low,sat,77,73,93
170,56,19,male,no,no,low,sat,64,63,93
180,70,18,male,no,yes,moderate,ran,80,146,93
166,56,21,female,yes,no,moderate,sat,83,79,93
155,50,19,female,no,no,moderate,sat,78,79,93
175,60,19,male,no,no,low,sat,88,86,93
140,50,34,female,no,no,low,ran,70,98,93
163,55,20,female,no,no,low,sat,78,74,93
182,75,26,male,yes,yes,moderate,sat,80,76,93
176,59,19,male,no,no,moderate,sat,68,69,93
177,74,18,female,no,no,moderate,ran,70,96,93
170,60,18,male,no,yes,moderate,sat,62,59,95
172,60,21,female,no,no,low,sat,81,79,95
189,60,19,male,no,yes,moderate,ran,78,168,95
178,56,21,female,no,yes,moderate,ran,86,150,95
175,75,20,male,no,yes,moderate,ran,59,92,95
180,85,19,male,yes,yes,moderate,ran,68,125,95
160,57,19,female,no,no,moderate,ran,75,130,95
164,66,23,female,no,no,low,ran,74,168,95
175,65,19,male,no,yes,moderate,ran,60,104,95
163,55,20,female,no,no,moderate,ran,70,119,95
185,90,18,male,no,no,low,ran,80,140,95
169,68,19,male,no,no,moderate,sat,58,58,95
165,63,18,female,no,yes,moderate,sat,84,84,95
155,49,18,female,no,yes,moderate,sat,104,92,95
175,66,20,male,no,yes,moderate,sat,66,68,95
178,63,23,male,no,yes,low,sat,84,90,95
184,65,21,male,yes,no,moderate,sat,65,67,95
170,60,19,female,no,yes,moderate,sat,80,80,95
162,60,19,female,no,yes,moderate,sat,66,60,95
164,46,18,female,no,no,moderate,sat,104,96,95
171,70,26,female,no,no,moderate,sat,76,76,95
182,85,20,male,yes,yes,low,sat,70,68,95
174,60,19,female,no,yes,low,ran,66,89,96
167,70,22,male,yes,yes,low,sat,92,84,96
157,41,20,female,no,no,moderate,ran,70,95,96
183,73,20,male,no,yes,moderate,sat,63,65,96
167,75,20,female,no,yes,moderate,sat,65,67,96
171,67,18,female,no,yes,low,sat,76,74,96
182,63,20,male,no,yes,high,ran,56,110,96
173,70,20,male,no,yes,high,ran,64,126,96
182,85,20,male,no,yes,high,sat,60,56,96
158,51,18,female,no,no,moderate,ran,68,84,96
160,49,19,female,no,no,low,sat,80,72,96
180,75,20,male,no,yes,moderate,ran,65,82,96
180,77,18,female,no,no,moderate,ran,47,136,96
188,87,20,male,no,yes,high,ran,50,90,96
164,54,18,female,no,no,low,sat,80,76,96
180,102,20,male,no,yes,moderate,sat,76,72,96
178,62,21,male,no,no,low,sat,70,74,96
166,50,19,female,no,yes,low,ran,76,132,96
175,57,20,female,no,yes,moderate,ran,72,115,96
180,80,21,male,no,yes,moderate,sat,80,80,96
182,98,19,male,no,yes,moderate,ran,76,150,96
151,42,22,female,no,no,low,ran,85,130,97
186,87,23,male,no,yes,high,ran,49,83,97
190,82,19,male,no,no,moderate,sat,76,73,97
179,80,20,male,no,yes,moderate,ran,145,155,97
165,48,19,female,no,no,low,sat,83,84,97
172,53,20,male,no,no,low,ran,72,136,97
173,64,20,female,no,yes,moderate,sat,NA,NA,97
170,53.5,20,female,no,no,low,sat,60,62,97
170,58.5,20,male,no,no,low,sat,80,82,97
163,51,18,female,no,yes,low,ran,70,120,97
191,78,19,male,no,yes,high,ran,68,136,97
172,59,18,female,no,yes,moderate,ran,78,129,97
171,71,41,male,no,no,low,sat,52,60,97
180,76,21,male,no,no,high,sat,74,72,97
194,110,25,male,no,no,moderate,sat,75,75,97
167,63,28,male,no,yes,moderate,sat,72,68,97
192,105,21,male,no,no,moderate,sat,80,73,97
194,95,18,male,no,yes,moderate,ran,84,140,97
189,88,45,male,no,no,moderate,sat,74,72,97
162,50,19,female,no,yes,moderate,ran,90,160,97
175,54,18,female,no,yes,moderate,sat,61,59,97
175,78.5,19,male,no,yes,low,ran,85,131,97
186,96,19,male,no,yes,low,ran,78,132,97
178,86,21,male,yes,yes,low,sat,76,80,98
170,58,21,male,yes,yes,moderate,sat,90,84,98
165,58,23,female,no,yes,low,sat,64,68,98
164,78,28,female,no,no,moderate,ran,64,120,98
180,65,20,male,no,no,moderate,ran,88,144,98
170,62,20,female,no,yes,moderate,sat,64,64,98
155,55,20,female,no,yes,high,sat,82,87,98
165,60,19,female,yes,yes,low,ran,88,120,98
168,55,24,female,no,no,moderate,sat,74,70,98
68,63,19,male,no,no,moderate,ran,88,136,98
170,63,20,female,no,yes,low,ran,92,120,98
179,80,20,male,no,no,moderate,ran,76,168,98
163,47,23,female,yes,yes,low,ran,71,125,98
93,27,19,female,no,no,low,sat,119,120,98
161,43,19,female,no,no,low,sat,90,89,98
182,60,22,male,no,yes,low,sat,86,84,98
170,65,18,male,no,yes,high,sat,69,64,98
185,85,19,male,no,yes,moderate,sat,75,68,98